nθ,nr,bfm_cpu
5,5,0.131929263
90,32,1.730271372
180,63,7.060546655
270,63,13.181588429
