nθ,nr,bfm_cpu
5,5,0.142912499
90,32,1.985395704
180,63,9.289577853
270,63,14.725158366
