nodes,nθ,nr,bfm_cpu,bfm_gpu
1015.0,5,5,0.126424437,39.124518891
86140.0,90,32,0.414428794,0.806417655
328510.0,180,63,2.313611406,1.113845814
464590.0,180,90,3.840807436,2.359569353
