nodes,nθ,nr,Dijkstra,bfm_cpu
464590.0,180,90,24.615514164,11.669174516
328510.0,180,63,13.066001881,6.009556633
86140.0,90,32,1.439690528,1.010939602
1015.0,5,5,0.005988195,0.00987215
