nθ,nr,Dijkstra,bfm_cpu,bfm_gpu
5,5,0.053211454,0.150706573,41.477317161
90,32,1.036470485,1.601323987,0.923069747
180,63,10.40796169,9.245851087,1.614521509
270,63,19.999047444,15.188221026,2.662698537
