nodes,nθ,nr,Dijkstra,bfm_cpu
1015.0,5,5,0.055187487,0.13296462
86140.0,90,32,1.466325709,1.111642107
328510.0,180,63,12.649584897,6.051124823
464590.0,180,90,23.777369438,11.237431064
