nθ,nr,Dijkstra,bfm_cpu,bfm_gpu
5,5,0.060017397,0.151299313,39.674342101
90,32,2.616625986,4.018843639,1.28712763
180,63,23.495299736,19.698340801,3.943737068
270,63,42.611189134,31.263252624,6.086065853
