nθ,nr,Dijkstra,bfm_cpu,bfm_gpu
180,90,24.243584363,4.377025643,0.605552544
180,63,13.426495341,2.137375172,0.087798547
90,32,1.556818488,0.427903838,0.022987922
5,5,0.005275385,0.008988842,0.000670037
